{"loss": 7.43465352570638e-05, "_timestamp": 1722790058.7500303, "_runtime": 7127.148553371429, "_step": 499, "_wandb": {"runtime": 7140}}