{"loss": 0.223674014210701, "_timestamp": 1717943990.5177422, "_runtime": 1759.7088992595673, "_step": 91}