{"loss": 0.1909453272819519, "_timestamp": 1717945950.1615343, "_runtime": 3719.352691411972, "_step": 200, "_wandb": {"runtime": 3725}}