{"loss": 0.20116975903511047, "_timestamp": 1717944141.0410242, "_runtime": 1910.2321813106537, "_step": 99}