{"loss": 0.013355258852243423, "_timestamp": 1722767062.2794611, "_runtime": 131.54573917388916, "_step": 14, "_wandb": {"runtime": 132}}