{"loss": 0.00013746896001975983, "_timestamp": 1722774559.5346127, "_runtime": 6997.437630653381, "_step": 499, "_wandb": {"runtime": 7010}}