{"loss": 0.009319933131337166, "_timestamp": 1722767479.9661598, "_runtime": 111.73307371139526, "_step": 11, "_wandb": {"runtime": 111}}