{"loss": 8.093575888779014e-05, "_timestamp": 1722789882.393793, "_runtime": 7114.520640134811, "_step": 499, "_wandb": {"runtime": 7127}}