{"loss": 0.001150685828179121, "_timestamp": 1722774639.0501912, "_runtime": 6983.942089080811, "_step": 499, "_wandb": {"runtime": 6997}}