{"loss": 0.006741609424352646, "_timestamp": 1722767625.9781814, "_runtime": 104.99360036849976, "_step": 8, "_wandb": {"runtime": 106}}