{"loss": 0.31552809476852417, "_timestamp": 1717943994.8044443, "_runtime": 1690.4590692520142, "_step": 89}