{"loss": 0.21254363656044006, "_timestamp": 1717945958.0973492, "_runtime": 3653.751974105835, "_step": 193, "_wandb": {"runtime": 3657}}