{"loss": 0.288113534450531, "_timestamp": 1717944165.2979836, "_runtime": 1860.9526085853577, "_step": 98}