{"loss": 0.16429737210273743, "_timestamp": 1717943990.2705677, "_runtime": 2109.7921147346497, "_step": 121}