{"loss": 0.1418544352054596, "_timestamp": 1717944176.5506968, "_runtime": 2296.0722439289093, "_step": 133}