{"loss": 0.18823811411857605, "_timestamp": 1717945235.4979427, "_runtime": 3355.0194897651672, "_step": 190, "_wandb": {"runtime": 3358}}