{"loss": 0.15218457579612732, "_timestamp": 1717945965.8776047, "_runtime": 3624.8374087810516, "_step": 188, "_wandb": {"runtime": 3629}}