{"loss": 0.27759015560150146, "_timestamp": 1717944164.6974757, "_runtime": 1823.6572797298431, "_step": 93}