{"loss": 0.29117628931999207, "_timestamp": 1717943993.5861022, "_runtime": 1652.545906305313, "_step": 84}